<?xml version="1.0" encoding="UTF-8"?>
<configuration>
    <include resource="org/springframework/boot/logging/logback/defaults.xml"/>
    <include resource="org/springframework/boot/logging/logback/console-appender.xml"/>

    <springProfile name="!dev">
        <root level="INFO">
            <!-- This is for the local environment -->
            <appender-ref ref="CONSOLE"/>
        </root>
    </springProfile>

    <springProfile name="dev">
        <include resource="com/google/cloud/spring/logging/logback-json-appender.xml"/>
        <root level="INFO">
            <appender-ref ref="CONSOLE_JSON"/>
        </root>
    </springProfile>
</configuration>